label,batch,seqlen,heads,dim,bf16_output_rms,tk_fp4_ms,tk_fp4_tflops,tk_fp4_speedup_bf16,tk_fp4_cosine,tk_fp4_relative_l2,tk_fp4_rmse,hao_fp4_ms,hao_fp4_tflops,hao_fp4_speedup_bf16,tk_fp8_ms,tk_fp8_tflops,tk_fp8_speedup_bf16,tk_fp8_cosine,tk_fp8_relative_l2,tk_fp8_rmse,hao_fp8_ms,hao_fp8_tflops,hao_fp8_speedup_bf16,bf16_ms,bf16_tflops
b1_s1024_h12_d128,1,1024,12,128,0.05120547115802765,0.017055999487638474,377.72344849501417,3.206379035631171,0.9603525996208191,0.28685882687568665,0.01468874141573906,0.07894399762153625,81.60786301810577,0.6927442343505148,0.020479999482631683,314.5728079467776,2.6703125278532758,0.9551408290863037,0.2998987876930724,0.015356458723545074,0.06758400052785873,95.3250901645629,0.8091855877391737,0.054687999188899994,117.80374194614203
b1_s2048_h12_d128,1,2048,12,128,0.036621734499931335,0.02457600086927414,1048.5759629109714,2.632812445525059,0.9621304273605347,0.27869001030921936,0.010206111706793308,0.08739200234413147,294.8759964844825,0.7403881272232299,0.03276799991726875,786.4320019855498,1.9746094089728246,0.9563812017440796,0.2944349525134448,0.010782718658447266,0.07680000364780426,335.54430406250077,0.8424999723513624,0.06470400094985962,398.27218406431336
b1_s4096_h12_d128,1,4096,12,128,0.02603461593389511,0.0727040022611618,1417.7928573137783,1.5068221323556086,0.9625340700149536,0.27634310722351074,0.007194486912339926,0.13211199641227722,780.2411431458831,0.8292358203116981,0.1024319976568222,1006.3185084932754,1.0695095499843978,0.9570821523666382,0.2917152635701442,0.007594694849103689,0.1085439994931221,949.653740283742,1.009286558718454,0.10955199971795082,940.9158698096296
b1_s8192_h12_d128,1,8192,12,128,0.01814211532473564,0.19353599846363068,2130.440143896448,1.58085325194116,0.9624508023262024,0.2775286138057709,0.005034956149756908,0.3675200045108795,1121.889571602338,0.8324771680009406,0.2826560139656067,1458.7231123487445,1.0824181953409202,0.9567720293998718,0.2932839964459864,0.005320792086422443,0.305184006690979,1351.0434733675309,1.0025165337340518,0.3059520125389099,1347.6520614930193
b1_s16384_h12_d128,1,16384,12,128,0.012921947985887527,0.7355200052261353,2242.314865598976,1.46949095047009,0.9627162218093872,0.275938481092453,0.0035656625404953957,1.4107840061187744,1169.0431947845227,0.7661271937318254,1.0885440111160278,1515.113238253997,0.9929226384346093,0.9569175243377686,0.2923183920876614,0.003777323057875037,1.1786400079727173,1399.297012241058,0.9170229962145812,1.080839991569519,1525.9126739648584
b1_s32768_h12_d128,1,32768,12,128,0.009088038466870785,2.6644480228424072,2475.9611409564336,1.5693757463309264,0.9626051187515259,0.2768495976924896,0.00251601985655725,5.0771520137786865,1299.3642397849164,0.8235956089280365,3.959808111190796,1666.0074380907627,1.0559905901982698,0.9569594860076904,0.2924701228412146,0.002657979726791382,4.29260778427124,1536.8442909759085,0.9741211670281134,4.181520104408264,1577.6726171186413
b1_s256_h16_d128,1,256,16,128,0.10207188129425049,0.01027199998497963,52.26547048141031,5.239096580834847,0.9528863430023193,0.3170306384563446,0.03235991299152374,0.07161600142717361,7.496521745156976,0.7514521744748333,0.012319999746978283,43.57718531054986,4.368181907864225,0.9470541477203369,0.32873360128748796,0.03355445712804794,0.07275200262665749,7.379465755122484,0.7397184689995507,0.05381599999964237,9.976046380324956
b1_s1024_h16_d128,1,1024,16,128,0.051634281873703,0.016672000288963318,515.2311926053915,3.1554702017001555,0.9609120488166809,0.2841898500919342,0.014673938974738121,0.07134399935603142,120.40164091633315,0.7373850721772391,0.020479999482631683,419.4304105957034,2.5687500704858413,0.9553180932998657,0.2986427157747586,0.015420202165842056,0.06652799993753433,129.11758357481685,0.7907647932292535,0.05260800011456013,163.28190718701345
b1_s32768_h16_d128,1,32768,16,128,0.009056721813976765,3.469599962234497,2535.1893929993953,1.5071040092816679,0.9623643159866333,0.2778487205505371,0.002516398672014475,6.491040229797363,1355.1130035874999,0.8055793568622472,5.072432041168213,1734.097756424984,1.0308759134174326,0.9569488167762756,0.29273330645299783,0.0026512041222304106,5.533200025558472,1589.693663987902,0.9450314446493122,5.229048013687134,1682.1595439904274
b1_s32768_h24_d64,1,32768,24,64,,,,,,,,,,,,,,,,,8.13593578338623,810.8556830214134,0.7905391854108246,6.43177604675293,1025.6995453046782
b1_s1024_h24_d128,1,1024,24,128,0.051513489335775375,0.018271999433636665,705.1719728209036,4.000000203879729,0.9606332778930664,0.2853772044181824,0.01470077596604824,0.12297600135207176,104.7757427980718,0.5943273537622278,0.021824000403285027,590.4005521398597,3.3489736120438987,0.9550365209579468,0.29984172746881754,0.015445893630385399,0.0759039968252182,169.7526141827507,0.9629005654094138,0.07308800145983696,176.2929842195844
b1_s2048_h24_d128,1,2048,24,128,0.03659223020076752,0.04198399931192398,1227.6011908508704,1.5121951262795703,0.9616287350654602,0.28052639961242676,0.010265086777508259,0.08697599917650223,592.5727561624167,0.7299484885753224,0.05734400078654289,898.7794162435728,1.1071428269810435,0.9558659791946411,0.2962136905593316,0.010839119553565979,0.07766399905085564,663.6228906813185,0.8174701266624619,0.06348799914121628,811.8007851745416
b1_s4096_h24_d128,1,4096,24,128,0.025660540908575058,0.10339199751615524,1993.94958179222,1.5809347368700195,0.9617787599563599,0.27994394302368164,0.007183513138443232,0.19246400147676468,1071.1531955386918,0.8492808999785963,0.14748799800872803,1397.798010627278,1.1082664528268642,0.9566159248352051,0.29390064442098723,0.007541649509221315,0.15830400586128235,1302.2944623944086,1.032544940971998,0.1634560003876686,1261.2472452467578
b1_s8192_h24_d128,1,8192,24,128,0.01833966001868248,0.3758080005645752,2194.295277357468,1.476903097091647,0.9628059267997742,0.2755834460258484,0.0050541069358587265,0.7209280133247375,1143.8502951619232,0.7698854666306744,0.5529599785804749,1491.3081466563808,1.0037471452644455,0.9567805528640747,0.29260501440682185,0.0053662764839828014,0.5960000157356262,1383.6135890268015,0.9312617202880105,0.5550319999456406,1485.7408598292782
b1_s16384_h24_d128,1,16384,24,128,0.012889530509710312,1.3417279720306396,2458.422982965637,1.4725965617761698,0.9626545310020447,0.27656492590904236,0.0035647922195494175,2.5774240493774414,1279.7796637789338,0.7665886406734194,1.9927359819412231,1655.2794315053884,0.9915131840628906,0.9570441842079163,0.29207941270061016,0.003764766501262784,2.152448058128357,1532.4573667976047,0.9179427076021031,1.975823998451233,1669.447727081757
b1_s32768_h24_d128,1,32768,24,128,0.009167023003101349,5.103744029998779,2585.1883354179804,1.6059050143941225,0.9630405902862549,0.27468693256378174,0.002518061315640807,9.771039962768555,1350.3311401434012,0.8388184022570297,7.59830379486084,1736.4585425283915,1.07867865661052,0.9574688673019409,0.2904580770771885,0.002662635874003172,8.28708791732788,1592.132201919051,0.9890239142777064,8.196128129959106,1609.8015214139693
b1_s1024_h32_d128,1,1024,32,128,0.05125639587640762,0.017952000722289085,956.9891094461458,4.56773612777131,0.9600644111633301,0.2872670292854309,0.01472427323460579,0.07673600316047668,223.88277309768185,1.068598817865081,0.02252800017595291,762.6007213165032,3.6399148448385517,0.9542813897132874,0.3020723874946453,0.015483141876757145,0.1348479986190796,127.40173647315241,0.608092097062643,0.0820000022649765,209.5105940178467
b1_s2048_h32_d128,1,2048,32,128,0.03649970889091492,0.04156799986958504,1653.182182245951,3.068899229947147,0.9615536332130432,0.2808787524700165,0.010251992382109165,0.15830400586128235,434.0981541314695,0.8058419121875989,0.05734400078654289,1198.3725549914302,2.224609393144216,0.9560863971710205,0.29564861699791056,0.010791088454425335,0.15032000094652176,457.15457892025836,0.8486429083751573,0.12756800279021263,538.6889755498496
b1_s4096_h32_d128,1,4096,32,128,0.025905581191182137,0.13551999628543854,2028.3199120300985,1.594451065594689,0.9625726342201233,0.27700290083885193,0.0071759214624762535,0.2529599964618683,1086.6457573873174,0.854206220386622,0.1945279985666275,1413.050609523708,1.110791269528723,0.9567826986312866,0.29296500354868904,0.007589428685605526,0.20723199844360352,1326.4259815493972,1.0426961285397736,0.21608000248670578,1272.1117353787135
b1_s8192_h32_d128,1,8192,32,128,0.018254417926073074,0.44444799423217773,2473.881403549815,1.5648175106616957,0.962631106376648,0.2766736149787903,0.005050515756011009,0.8438079953193665,1303.0353277938,0.8242159446353114,0.6451519727706909,1704.2676364361118,1.078009574962855,0.9568005800247192,0.2928431228295232,0.0053456807509064674,0.699679970741272,1571.4493393474286,0.9939973031043859,0.69548000395298,1580.9392384059624
b1_s16384_h32_d128,1,16384,32,128,0.012832189910113811,1.7377599477767944,2530.871146345988,1.4987938510516323,0.9624235033988953,0.2776845097541809,0.003563300473615527,3.2936959266662598,1335.2922094285482,0.790766355583976,2.5385279655456543,1732.5184401341207,1.026005606273406,0.9570236206054688,0.29246097114343483,0.003752914723008871,2.7617440223693848,1592.488831506832,0.9430794104144189,2.604543924331665,1688.6052371846845
b1_s32768_h32_d128,1,32768,32,128,0.009214372374117374,6.6775360107421875,2634.5325605306143,1.6801814192253992,0.9631316661834717,0.2740512192249298,0.002525209914892912,12.559359550476074,1400.7231796902536,0.8933156094756627,9.77454423904419,1799.796043087556,1.1478255821526286,0.9574708342552185,0.29020461888624427,0.0026740534231066704,10.662367820739746,1649.9323921462192,1.052249567833716,11.21947193145752,1568.004818042323
b4_s4096_h16_d128,4,4096,16,128,0.02582447975873947,0.22764800488948822,2414.9379835543873,1.6024036866967564,0.9624318480491638,0.2776753306388855,0.0071708206087350845,0.43612799048423767,1260.5377913891748,0.8364150209644959,0.33049601316452026,1663.4264620140293,1.1037470582814213,0.9568533897399902,0.2929033521219652,0.007564076688140631,0.3563840091228485,1542.5939430927008,1.0235700619730475,0.36478400230407715,1507.072158909353
b4_s4096_h32_d128,4,4096,32,128,0.025735441595315933,0.44444799423217773,2473.881403549815,1.5957052477000242,0.9621315598487854,0.2788512408733368,0.00717635964974761,0.8612160086631775,1276.6966901633853,0.8234960678760537,0.650272011756897,1690.8487646659632,1.0906328181185387,0.9565324783325195,0.29410512057588656,0.007568925153464079,0.7024799883365631,1565.185693587639,1.0095775089699062,0.7092079967260361,1550.3373239610216
